method,query,polarity,run,wall_ms,exit_code,hit_count,raw_matches,has_sheet_cell,agent_json,noise_lines,status
rg_raw,勇士匕首,pos,1,4,1,0,0,0,0,0,rg_no_match
rg_raw,勇士匕首,pos,2,2,1,0,0,0,0,0,rg_no_match
rg_raw,勇士匕首,pos,3,2,1,0,0,0,0,0,rg_no_match
rg_unzip,勇士匕首,pos,1,5,0,17,17,0,0,17,rg_match
rg_unzip,勇士匕首,pos,2,5,0,17,17,0,0,17,rg_match
rg_unzip,勇士匕首,pos,3,5,0,17,17,0,0,17,rg_match
codefind_xlsx,勇士匕首,pos,1,35,0,17,17,1,1,0,candidates_found
codefind_xlsx,勇士匕首,pos,2,36,0,17,17,1,1,0,candidates_found
codefind_xlsx,勇士匕首,pos,3,33,0,17,17,1,1,0,candidates_found
rg_raw,如来神掌,pos,1,2,1,0,0,0,0,0,rg_no_match
rg_raw,如来神掌,pos,2,2,1,0,0,0,0,0,rg_no_match
rg_raw,如来神掌,pos,3,2,1,0,0,0,0,0,rg_no_match
rg_unzip,如来神掌,pos,1,5,0,12,12,0,0,12,rg_match
rg_unzip,如来神掌,pos,2,4,0,12,12,0,0,12,rg_match
rg_unzip,如来神掌,pos,3,4,0,12,12,0,0,12,rg_match
codefind_xlsx,如来神掌,pos,1,38,0,12,12,1,1,0,candidates_found
codefind_xlsx,如来神掌,pos,2,40,0,12,12,1,1,0,candidates_found
codefind_xlsx,如来神掌,pos,3,38,0,12,12,1,1,0,candidates_found
rg_raw,电锯人,pos,1,2,1,0,0,0,0,0,rg_no_match
rg_raw,电锯人,pos,2,2,1,0,0,0,0,0,rg_no_match
rg_raw,电锯人,pos,3,2,1,0,0,0,0,0,rg_no_match
rg_unzip,电锯人,pos,1,5,0,2,2,0,0,2,rg_match
rg_unzip,电锯人,pos,2,4,0,2,2,0,0,2,rg_match
rg_unzip,电锯人,pos,3,3,0,2,2,0,0,2,rg_match
codefind_xlsx,电锯人,pos,1,41,0,2,2,1,1,0,candidates_found
codefind_xlsx,电锯人,pos,2,36,0,2,2,1,1,0,candidates_found
codefind_xlsx,电锯人,pos,3,34,0,2,2,1,1,0,candidates_found
rg_raw,甲贺忍法帖,pos,1,2,1,0,0,0,0,0,rg_no_match
rg_raw,甲贺忍法帖,pos,2,2,1,0,0,0,0,0,rg_no_match
rg_raw,甲贺忍法帖,pos,3,1,1,0,0,0,0,0,rg_no_match
rg_unzip,甲贺忍法帖,pos,1,4,0,5,5,0,0,5,rg_match
rg_unzip,甲贺忍法帖,pos,2,5,0,5,5,0,0,5,rg_match
rg_unzip,甲贺忍法帖,pos,3,4,0,5,5,0,0,5,rg_match
codefind_xlsx,甲贺忍法帖,pos,1,36,0,5,5,1,1,0,candidates_found
codefind_xlsx,甲贺忍法帖,pos,2,35,0,5,5,1,1,0,candidates_found
codefind_xlsx,甲贺忍法帖,pos,3,34,0,5,5,1,1,0,candidates_found
rg_raw,energyMax,pos,1,2,1,0,0,0,0,0,rg_no_match
rg_raw,energyMax,pos,2,2,1,0,0,0,0,0,rg_no_match
rg_raw,energyMax,pos,3,3,1,0,0,0,0,0,rg_no_match
rg_unzip,energyMax,pos,1,5,0,1,1,0,0,1,rg_match
rg_unzip,energyMax,pos,2,4,0,1,1,0,0,1,rg_match
rg_unzip,energyMax,pos,3,5,0,1,1,0,0,1,rg_match
codefind_xlsx,energyMax,pos,1,37,0,1,1,1,1,0,candidates_found
codefind_xlsx,energyMax,pos,2,37,0,1,1,1,1,0,candidates_found
codefind_xlsx,energyMax,pos,3,35,0,1,1,1,1,0,candidates_found
rg_raw,牛仔套装,pos,1,2,1,0,0,0,0,0,rg_no_match
rg_raw,牛仔套装,pos,2,2,1,0,0,0,0,0,rg_no_match
rg_raw,牛仔套装,pos,3,1,1,0,0,0,0,0,rg_no_match
rg_unzip,牛仔套装,pos,1,5,0,1,1,0,0,1,rg_match
rg_unzip,牛仔套装,pos,2,5,0,1,1,0,0,1,rg_match
rg_unzip,牛仔套装,pos,3,4,0,1,1,0,0,1,rg_match
codefind_xlsx,牛仔套装,pos,1,35,0,1,1,1,1,0,candidates_found
codefind_xlsx,牛仔套装,pos,2,34,0,1,1,1,1,0,candidates_found
codefind_xlsx,牛仔套装,pos,3,35,0,1,1,1,1,0,candidates_found
rg_raw,雷霆之拳,pos,1,3,1,0,0,0,0,0,rg_no_match
rg_raw,雷霆之拳,pos,2,2,1,0,0,0,0,0,rg_no_match
rg_raw,雷霆之拳,pos,3,2,1,0,0,0,0,0,rg_no_match
rg_unzip,雷霆之拳,pos,1,4,0,11,11,0,0,11,rg_match
rg_unzip,雷霆之拳,pos,2,4,0,11,11,0,0,11,rg_match
rg_unzip,雷霆之拳,pos,3,5,0,11,11,0,0,11,rg_match
codefind_xlsx,雷霆之拳,pos,1,34,0,11,11,1,1,0,candidates_found
codefind_xlsx,雷霆之拳,pos,2,37,0,11,11,1,1,0,candidates_found
codefind_xlsx,雷霆之拳,pos,3,36,0,11,11,1,1,0,candidates_found
rg_raw,城市街道,pos,1,2,1,0,0,0,0,0,rg_no_match
rg_raw,城市街道,pos,2,2,1,0,0,0,0,0,rg_no_match
rg_raw,城市街道,pos,3,2,1,0,0,0,0,0,rg_no_match
rg_unzip,城市街道,pos,1,4,0,1,1,0,0,1,rg_match
rg_unzip,城市街道,pos,2,3,0,1,1,0,0,1,rg_match
rg_unzip,城市街道,pos,3,4,0,1,1,0,0,1,rg_match
codefind_xlsx,城市街道,pos,1,35,0,1,1,1,1,0,candidates_found
codefind_xlsx,城市街道,pos,2,36,0,1,1,1,1,0,candidates_found
codefind_xlsx,城市街道,pos,3,37,0,1,1,1,1,0,candidates_found
rg_raw,挑战券,neg,1,2,1,0,0,0,0,0,rg_no_match
rg_raw,挑战券,neg,2,2,1,0,0,0,0,0,rg_no_match
rg_raw,挑战券,neg,3,2,1,0,0,0,0,0,rg_no_match
rg_unzip,挑战券,neg,1,6,1,0,0,0,0,0,rg_no_match
rg_unzip,挑战券,neg,2,5,1,0,0,0,0,0,rg_no_match
rg_unzip,挑战券,neg,3,4,1,0,0,0,0,0,rg_no_match
codefind_xlsx,挑战券,neg,1,36,0,0,0,0,1,0,no_candidates
codefind_xlsx,挑战券,neg,2,45,0,0,0,0,1,0,no_candidates
codefind_xlsx,挑战券,neg,3,36,0,0,0,0,1,0,no_candidates
rg_raw,PvpArena999,neg,1,2,1,0,0,0,0,0,rg_no_match
rg_raw,PvpArena999,neg,2,2,1,0,0,0,0,0,rg_no_match
rg_raw,PvpArena999,neg,3,2,1,0,0,0,0,0,rg_no_match
rg_unzip,PvpArena999,neg,1,5,1,0,0,0,0,0,rg_no_match
rg_unzip,PvpArena999,neg,2,5,1,0,0,0,0,0,rg_no_match
rg_unzip,PvpArena999,neg,3,5,1,0,0,0,0,0,rg_no_match
codefind_xlsx,PvpArena999,neg,1,36,0,0,0,0,1,0,no_candidates
codefind_xlsx,PvpArena999,neg,2,38,0,0,0,0,1,0,no_candidates
codefind_xlsx,PvpArena999,neg,3,37,0,0,0,0,1,0,no_candidates
